Year,mean,std,count
2021,-47.206538461538464,220.43836190543254,78
2022,-95.49525,187.16070440494295,80
2023,-43.41694444444445,213.04194019837934,72
